<?xml version='1.0' encoding='UTF-8' ?>
<timeLogEntries>
  <time id="4" path="/Proyecto/ahorcadoPSM/PSP0/Code" start="@1638830310662" delta="15" flag="A" />
  <time id="5" path="/Proyecto/ahorcadoPSM/PSP0/Compile" start="@1638831217534" delta="4" flag="A" />
  <time id="6" path="/Proyecto/ahorcadoPSM/PSP0/Test" start="@1638831447437" delta="5" flag="A" />
  <time id="7" path="/Proyecto/ahorcadoPSM/PSP0/Postmortem" start="@1638831814087" delta="1" flag="A" />
  <time id="8" path="/Proyecto/ahorcadoPSM/PSP0/Postmortem" start="@1638831891295" delta="2" flag="A" />
  <time id="9" path="/Proyecto/ahorcadoPSM/PSP0/Test" start="@1638831981383" delta="2" flag="A" />
  <time id="10" path="/Proyecto/ahorcadoPSM/PSP0/Test" start="@1638832104982" delta="1" flag="A" />
  <time id="11" path="/Proyecto/ahorcadoPSM/PSP0/Postmortem" start="@1638832168468" delta="2" flag="A" />
</timeLogEntries>
